visible_link,title,requested_at,effective_query,rank,requested_by,query,status,link,page_number,search_engine_name,domain,snippet,num_results_for_query,num_results,link_type,scrape_method,no_results
vodlocker.com/1mpys1b9zry6,Watch Family Guy S14E12 HDTV x264 KILLERS mp4 - VoDLocker,2016-10-23 04:41:50.754971,,1,localhost,site:vodlocker.com family guy,successful,http://vodlocker.com/1mpys1b9zry6,1,google,vodlocker.com,"You are watching Family.Guy.S14E12.HDTV.x264-KILLERS.mp4 online for free, Watch Family.Guy.S14E12.HDTV.x264-KILLERS.mp4 online, Download Family ...","About 4,780 results (0.24 seconds) ",50,results,http,False
vodlocker.com/x3g8nwvbpj9a,Watch Family Guy S14E02 REAL HDTV x264 KILLERS mp4,2016-10-23 04:41:50.754971,,2,localhost,site:vodlocker.com family guy,successful,http://vodlocker.com/x3g8nwvbpj9a,1,google,vodlocker.com,"You are watching Family.Guy.S14E02.REAL.HDTV.x264-KILLERS.mp4 online for free, Watch Family.Guy.S14E02.REAL.HDTV.x264-KILLERS.mp4 online, ...","About 4,780 results (0.24 seconds) ",50,results,http,False
vodlocker.com/m4i6j5dp0mxs,Watch family guy s13e08 our idiot brian 720p web x264 mrs mkv,2016-10-23 04:41:50.754971,,3,localhost,site:vodlocker.com family guy,successful,http://vodlocker.com/m4i6j5dp0mxs,1,google,vodlocker.com,"You are watching family.guy.s13e08.our.idiot.brian.720p.web.dl.x264-mrs.mkv online for free, Watch ...","About 4,780 results (0.24 seconds) ",50,results,http,False
vodlocker.com/wvkx83lmqakb,Watch Family Guy S14E20 HDTV x264 FLEET mp4 - VoDLocker,2016-10-23 04:41:50.754971,,4,localhost,site:vodlocker.com family guy,successful,http://vodlocker.com/wvkx83lmqakb,1,google,vodlocker.com,"You are watching Family.Guy.S14E20.HDTV.x264-FLEET.mp4 online for free, Watch Family.Guy.S14E20.HDTV.x264-FLEET.mp4 online, Download Family.Guy ...","About 4,780 results (0.24 seconds) ",50,results,http,False
vodlocker.com/spfi3vzo6x5w,Watch Family Guy S14E01 HDTV x264 BATV mp4 - VoDLocker,2016-10-23 04:41:50.754971,,5,localhost,site:vodlocker.com family guy,successful,http://vodlocker.com/spfi3vzo6x5w,1,google,vodlocker.com,"You are watching Family.Guy.S14E01.HDTV.x264-BATV.mp4 online for free, Watch Family.Guy.S14E01.HDTV.x264-BATV.mp4 online, Download Family.Guy.","About 4,780 results (0.24 seconds) ",50,results,http,False
vodlocker.com/h1n5gsdvp3t8,Watch family guy s13e01 the simpsons guy 720p web x264 mrs mkv,2016-10-23 04:41:50.754971,,6,localhost,site:vodlocker.com family guy,successful,http://vodlocker.com/h1n5gsdvp3t8,1,google,vodlocker.com,"You are watching family.guy.s13e01.the.simpsons.guy.720p.web.dl.x264-mrs.mkv online for free, Watch ...","About 4,780 results (0.24 seconds) ",50,results,http,False
vodlocker.com/rcj0xgvyflme,Watch Family Guy S14E11 HDTV x264 KILLERS mp4 - VoDLocker,2016-10-23 04:41:50.754971,,7,localhost,site:vodlocker.com family guy,successful,http://vodlocker.com/rcj0xgvyflme,1,google,vodlocker.com,"You are watching Family.Guy.S14E11.HDTV.x264-KILLERS.mp4 online for free, Watch Family.Guy.S14E11.HDTV.x264-KILLERS.mp4 online, Download Family ...","About 4,780 results (0.24 seconds) ",50,results,http,False
vodlocker.com/n5qp8y3dmynt,Watch family guy S04E12 Perfect Castaway avi - VoDLocker,2016-10-23 04:41:50.754971,,8,localhost,site:vodlocker.com family guy,successful,http://vodlocker.com/n5qp8y3dmynt,1,google,vodlocker.com,"S04E12 - Perfect Castaway.avi online for free, Watch family.guy.S04E12 - Perfect Castaway.avi online, Download family.guy.S04E12 - Perfect Castaway.avi ...","About 4,780 results (0.24 seconds) ",50,results,http,False
vodlocker.com/lglfyatp931f,Watch Family Guy S14E15 HDTV x264 SDI mp4 - VoDLocker,2016-10-23 04:41:50.754971,,9,localhost,site:vodlocker.com family guy,successful,http://vodlocker.com/lglfyatp931f,1,google,vodlocker.com,"You are watching Family.Guy.S14E15.HDTV.x264-SDI.mp4 online for free, Watch Family.Guy.S14E15.HDTV.x264-SDI.mp4 online, Download Family.Guy.","About 4,780 results (0.24 seconds) ",50,results,http,False
vodlocker.com/zoshs6vcevc9,Watch Family Guy S14E16 720p HDTV x264 AVS mkv mp4 mp4,2016-10-23 04:41:50.754971,,10,localhost,site:vodlocker.com family guy,successful,http://vodlocker.com/zoshs6vcevc9,1,google,vodlocker.com,"You are watching Family Guy S14E16 720p HDTV x264 AVS mkv.mp4.mp4 online for free, Watch Family Guy S14E16 720p HDTV x264 AVS mkv.mp4.mp4 ...","About 4,780 results (0.24 seconds) ",50,results,http,False
vodlocker.com/8ao2pcbycqkw,Watch Family Guy S14E13 720p HDTV x264 AVS mkv - VoDLocker,2016-10-23 04:41:50.754971,,11,localhost,site:vodlocker.com family guy,successful,http://vodlocker.com/8ao2pcbycqkw,1,google,vodlocker.com,"You are watching Family.Guy.S14E13.720p.HDTV.x264-AVS.mkv online for free, Watch Family.Guy.S14E13.720p.HDTV.x264-AVS.mkv online, Download ...","About 4,780 results (0.24 seconds) ",50,results,http,False
vodlocker.com/37kq6qj7qgnj,Watch family guy s13e12 stewie enceinte 720p web x264 mrs mkv,2016-10-23 04:41:50.754971,,12,localhost,site:vodlocker.com family guy,successful,http://vodlocker.com/37kq6qj7qgnj,1,google,vodlocker.com,"You are watching family.guy.s13e12.stewie.is.enceinte.720p.web-dl.x264-mrs.mkv online for free, Watch ...","About 4,780 results (0.24 seconds) ",50,results,http,False
vodlocker.com/dss67fcbrbwy,Watch Family Guy S14E15 720p HDTV x264 AVS mkv - VoDLocker,2016-10-23 04:41:50.754971,,13,localhost,site:vodlocker.com family guy,successful,http://vodlocker.com/dss67fcbrbwy,1,google,vodlocker.com,"You are watching Family.Guy.S14E15.720p.HDTV.x264-AVS.mkv online for free, Watch Family.Guy.S14E15.720p.HDTV.x264-AVS.mkv online, Download ...","About 4,780 results (0.24 seconds) ",50,results,http,False
vodlocker.com/683i0b90vaip,Watch Family Guy S13E11 Encyclopedia Griffin 720p WEB x264 AAC ...,2016-10-23 04:41:50.754971,,14,localhost,site:vodlocker.com family guy,successful,http://vodlocker.com/683i0b90vaip,1,google,vodlocker.com,"You are watching Family.Guy.S13E11.Encyclopedia.Griffin.720p.WEB-DL.x264.AAC.mp4 online for free, Watch Family.Guy.S13E11.Encyclopedia.Griffin.720p.","About 4,780 results (0.24 seconds) ",50,results,http,False
vodlocker.com/2nmroled24ao,Watch Family Guy S10E07 Amish Guy 720p WEB AAC2 264 mp4,2016-10-23 04:41:50.754971,,15,localhost,site:vodlocker.com family guy,successful,http://vodlocker.com/2nmroled24ao,1,google,vodlocker.com,"Guy.720p.WEB-DL.AAC2.0.H.264.mp4 online for free, Watch Family.Guy.S10E07.Amish.Guy.720p.WEB-DL.AAC2.0.H.264.mp4 online, Download Family.Guy.","About 4,780 results (0.24 seconds) ",50,results,http,False
vodlocker.com/gnovpcnwlidz,Watch Family Guy S08E13 Stewie PROPER PDTV XviD NoTV avi,2016-10-23 04:41:50.754971,,16,localhost,site:vodlocker.com family guy,successful,http://vodlocker.com/gnovpcnwlidz,1,google,vodlocker.com,"Stewie.Go.PROPER.PDTV.XviD-NoTV.avi online for free, Watch Family.Guy.S08E13.Go.Stewie.Go.PROPER.PDTV.XviD-NoTV.avi online, Download Family.","About 4,780 results (0.24 seconds) ",50,results,http,False
vodlocker.com/ce4c2eblq0oe,Watch family guy s13e14 jolo 720p web x264 mrs mkv - VoDLocker,2016-10-23 04:41:50.754971,,17,localhost,site:vodlocker.com family guy,successful,http://vodlocker.com/ce4c2eblq0oe,1,google,vodlocker.com,"You are watching family.guy.s13e14.jolo.720p.web-dl.x264-mrs.mkv online for free, Watch family.guy.s13e14.jolo.720p.web-dl.x264-mrs.mkv online, Download ...","About 4,780 results (0.24 seconds) ",50,results,http,False
vodlocker.com/1j0duyvi3i6s,Watch family guy s13e03 baking bad 720p web x264 mrs mkv,2016-10-23 04:41:50.754971,,18,localhost,site:vodlocker.com family guy,successful,http://vodlocker.com/1j0duyvi3i6s,1,google,vodlocker.com,"You are watching family.guy.s13e03.baking.bad.720p.web.dl.x264-mrs.mkv online for free, Watch family.guy.s13e03.baking.bad.720p.web.dl.x264-mrs.mkv ...","About 4,780 results (0.24 seconds) ",50,results,http,False
vodlocker.com/ovncu78uh891,Watch Family guy S03E01 The Thin White Line avi - VoDLocker,2016-10-23 04:41:50.754971,,19,localhost,site:vodlocker.com family guy,successful,http://vodlocker.com/ovncu78uh891,1,google,vodlocker.com,"You are watching Family.guy.S03E01 - The Thin White Line.avi online for free, Watch Family.guy.S03E01 - The Thin White Line.avi online, Download Family.guy ...","About 4,780 results (0.24 seconds) ",50,results,http,False
vodlocker.com/y84gd7l3srbm,Watch Family Guy S10E22 Family Guy Viewer Mail 720p WEB AAC2 ...,2016-10-23 04:41:50.754971,,20,localhost,site:vodlocker.com family guy,successful,http://vodlocker.com/y84gd7l3srbm,1,google,vodlocker.com,"Guy.S10E22.Family.Guy.Viewer.Mail._2.720p.WEB-DL.AAC2.0.H.264.mp4 online for free, Watch Family.Guy.S10E22.Family.Guy.Viewer.Mail._2.720p.WEB-DL.","About 4,780 results (0.24 seconds) ",50,results,http,False
vodlocker.com/qxch1zw5xou0,Watch Family guy S07E12 420 avi - VoDLocker,2016-10-23 04:41:50.754971,,21,localhost,site:vodlocker.com family guy,successful,http://vodlocker.com/qxch1zw5xou0,1,google,vodlocker.com,"You are watching Family.guy.S07E12 - 420.avi online for free, Watch Family.guy.S07E12 - 420.avi online, Download Family.guy.S07E12 - 420.avi online.","About 4,780 results (0.24 seconds) ",50,results,http,False
vodlocker.com/e5b0f23txinr,Watch Family Guy S10E03 Screams Silence the Story Brenda 720p ...,2016-10-23 04:41:50.754971,,22,localhost,site:vodlocker.com family guy,successful,http://vodlocker.com/e5b0f23txinr,1,google,vodlocker.com,"You are watching Family.Guy.S10E03.Screams.of.Silence.the.Story.of.Brenda.Q.720p.720p.WEB-DL.AAC2.0.H.264.mp4 online for free, Watch Family.Guy.","About 4,780 results (0.24 seconds) ",50,results,http,False
vodlocker.com/vlmfkkipc42b,Watch Family Guy S12E09 Peter Problems 1080p WEB DD5 264 ...,2016-10-23 04:41:50.754971,,23,localhost,site:vodlocker.com family guy,successful,http://vodlocker.com/vlmfkkipc42b,1,google,vodlocker.com,"You are watching Family.Guy.S12E09.Peter.Problems.1080p.WEB-DL.DD5.1.H.264-CtrlHD.mkv online for free, Watch Family.Guy.S12E09.Peter.","About 4,780 results (0.24 seconds) ",50,results,http,False
vodlocker.com/6rowjb3wronn,Watch Family guy S08E16 April Quahog avi - VoDLocker,2016-10-23 04:41:50.754971,,24,localhost,site:vodlocker.com family guy,successful,http://vodlocker.com/6rowjb3wronn,1,google,vodlocker.com,"S08E16 - April in Quahog.avi online for free, Watch Family.guy.S08E16 - April in Quahog.avi online, Download Family.guy.S08E16 - April in Quahog.avi online.","About 4,780 results (0.24 seconds) ",50,results,http,False
vodlocker.com/ynu9q079ps3d,Watch Family Guy S05E12 NTSC DVD DD5 x264 Jason28 mkv,2016-10-23 04:41:50.754971,,25,localhost,site:vodlocker.com family guy,successful,http://vodlocker.com/ynu9q079ps3d,1,google,vodlocker.com,"NTSC.DVD.DD5.1.x264-Jason28.mkv online for free, Watch Family.Guy.S05E12.NTSC.DVD.DD5.1.x264-Jason28.mkv online, Download Family.Guy.S05E12.","About 4,780 results (0.24 seconds) ",50,results,http,False
vodlocker.com/9q20ynekkk2y,Watch Family Guy S12E03 Quagmires Quagmire 1080p WEB DD5 ...,2016-10-23 04:41:50.754971,,26,localhost,site:vodlocker.com family guy,successful,http://vodlocker.com/9q20ynekkk2y,1,google,vodlocker.com,"You are watching Family.Guy.S12E03.Quagmires.Quagmire.1080p.WEB-DL.DD5.1.H.264-CtrlHD.mkv online for free, Watch Family.Guy.S12E03.Quagmires.","About 4,780 results (0.24 seconds) ",50,results,http,False
vodlocker.com/0d3uk6e7o2hp,Watch family guy 1318 hdtv lol mp4 - VoDLocker,2016-10-23 04:41:50.754971,,27,localhost,site:vodlocker.com family guy,successful,http://vodlocker.com/0d3uk6e7o2hp,1,google,vodlocker.com,"You are watching family.guy.1318.hdtv-lol.mp4 online for free, Watch family.guy.1318.hdtv-lol.mp4 online, Download family.guy.1318.hdtv-lol.mp4 online.","About 4,780 results (0.24 seconds) ",50,results,http,False
vodlocker.com/t77u15ty6uzy,Watch Family Guy S14E15 HDTV x264 KILLERS mp4 - VoDLocker,2016-10-23 04:41:50.754971,,28,localhost,site:vodlocker.com family guy,successful,http://vodlocker.com/t77u15ty6uzy,1,google,vodlocker.com,"You are watching Family.Guy.S14E15.HDTV.x264-KILLERS.mp4 online for free, Watch Family.Guy.S14E15.HDTV.x264-KILLERS.mp4 online, Download Family ...","About 4,780 results (0.24 seconds) ",50,results,http,False
vodlocker.com/6leo3xm1m294,Watch Family Guy S11 E16 And Half Angry Men 720p HDTV mp4,2016-10-23 04:41:50.754971,,29,localhost,site:vodlocker.com family guy,successful,http://vodlocker.com/6leo3xm1m294,1,google,vodlocker.com,"You are watching Family Guy S11 E16- 12 And A Half Angry Men 720p HDTV.mp4 online for free, Watch Family Guy S11 E16- 12 And A Half Angry Men 720p ...","About 4,780 results (0.24 seconds) ",50,results,http,False
vodlocker.com/1do1t5yb0gq3,Watch Family Guy S14E19 HDTV x264 FLEET mp4 - VoDLocker,2016-10-23 04:41:50.754971,,30,localhost,site:vodlocker.com family guy,successful,http://vodlocker.com/1do1t5yb0gq3,1,google,vodlocker.com,"You are watching Family.Guy.S14E19.HDTV.x264-FLEET.mp4 online for free, Watch Family.Guy.S14E19.HDTV.x264-FLEET.mp4 online, Download Family.Guy ...","About 4,780 results (0.24 seconds) ",50,results,http,False
vodlocker.com/t61u2uw4g4gp,Watch Family Guy S13E18 HDTV XviD AFG avi - VoDLocker,2016-10-23 04:41:50.754971,,31,localhost,site:vodlocker.com family guy,successful,http://vodlocker.com/t61u2uw4g4gp,1,google,vodlocker.com,"You are watching Family.Guy.S13E18.HDTV.XviD-AFG.avi online for free, Watch Family.Guy.S13E18.HDTV.XviD-AFG.avi online, Download Family.Guy.","About 4,780 results (0.24 seconds) ",50,results,http,False
vodlocker.com/yd3aeme4i4o9,Watch Family Guy S11E10 480p WEB x264 Sticky83 mkv - VoDLocker,2016-10-23 04:41:50.754971,,32,localhost,site:vodlocker.com family guy,successful,http://vodlocker.com/yd3aeme4i4o9,1,google,vodlocker.com,"Guy.S11E10.480p.WEB-DL.x264-Sticky83.mkv online for free, Watch Family.Guy.S11E10.480p.WEB-DL.x264-Sticky83.mkv online, Download Family.Guy.","About 4,780 results (0.24 seconds) ",50,results,http,False
vodlocker.com/o3nxxo5xv88l,Watch family guy S04E21 Take Thee Quagmire avi - VoDLocker,2016-10-23 04:41:50.754971,,33,localhost,site:vodlocker.com family guy,successful,http://vodlocker.com/o3nxxo5xv88l,1,google,vodlocker.com,"S04E21 - I Take Thee Quagmire.avi online for free, Watch family.guy.S04E21 - I Take Thee Quagmire.avi online, Download family.guy.S04E21 - I Take Thee ...","About 4,780 results (0.24 seconds) ",50,results,http,False
vodlocker.com/u3lmq5s3bmpm,Watch Family Guy S11 E15 Turban Cowboy 720p HDTV mp4,2016-10-23 04:41:50.754971,,34,localhost,site:vodlocker.com family guy,successful,http://vodlocker.com/u3lmq5s3bmpm,1,google,vodlocker.com,"You are watching Family Guy S11 E15- Turban Cowboy 720p HDTV.mp4 online for free, Watch Family Guy S11 E15- Turban Cowboy 720p HDTV.mp4 online, ...","About 4,780 results (0.24 seconds) ",50,results,http,False
vodlocker.com/4q0yqz2m6tc0,Watch Family Guy S04E04 480p DVDRip x264 Sticky83 mkv,2016-10-23 04:41:50.754971,,35,localhost,site:vodlocker.com family guy,successful,http://vodlocker.com/4q0yqz2m6tc0,1,google,vodlocker.com,"DVDRip.x264-Sticky83.mkv online for free, Watch Family.Guy.S04E04.480p.DVDRip.x264-Sticky83.mkv online, Download Family.Guy.S04E04.480p.","About 4,780 results (0.24 seconds) ",50,results,http,False
vodlocker.com/yadaei4yx81s,Watch Family guy S08E14 Peter assment avi - VoDLocker,2016-10-23 04:41:50.754971,,36,localhost,site:vodlocker.com family guy,successful,http://vodlocker.com/yadaei4yx81s,1,google,vodlocker.com,"S08E14 - Peter-assment.avi online for free, Watch Family.guy.S08E14 - Peter-assment.avi online, Download Family.guy.S08E14 - Peter-assment.avi online.","About 4,780 results (0.24 seconds) ",50,results,http,False
vodlocker.com/vznt9myv2t1g,Watch Family guy S08E10 Big Man Hippocampus avi - VoDLocker,2016-10-23 04:41:50.754971,,37,localhost,site:vodlocker.com family guy,successful,http://vodlocker.com/vznt9myv2t1g,1,google,vodlocker.com,"S08E10 - Big Man on Hippocampus.avi online for free, Watch Family.guy.S08E10 - Big Man on Hippocampus.avi online, Download Family.guy.S08E10 - Big ...","About 4,780 results (0.24 seconds) ",50,results,http,False
vodlocker.com/xevlpswqxe2w,Watch Family Guy Blue Harvest mp4 - VoDLocker,2016-10-23 04:41:50.754971,,38,localhost,site:vodlocker.com family guy,successful,http://vodlocker.com/xevlpswqxe2w,1,google,vodlocker.com,"You are watching Family Guy S6 E1- Blue Harvest.mp4 online for free, Watch Family Guy S6 E1- Blue Harvest.mp4 online, Download Family Guy S6 E1- Blue ...","About 4,780 results (0.24 seconds) ",50,results,http,False
vodlocker.com/2tcge1dfqz7e,Watch Family Guy S13E09 720p HDTV x264 KILLERS mkv mp4,2016-10-23 04:41:50.754971,,39,localhost,site:vodlocker.com family guy,successful,http://vodlocker.com/2tcge1dfqz7e,1,google,vodlocker.com,"You are watching Family.Guy.S13E09.720p.HDTV.x264-KILLERS.mkv.mp4 online for free, Watch Family.Guy.S13E09.720p.HDTV.x264-KILLERS.mkv.mp4 ...","About 4,780 results (0.24 seconds) ",50,results,http,False
vodlocker.com/sfix0qestxco,Watch family guy S10E20 mp4 - VoDLocker,2016-10-23 04:41:50.754971,,40,localhost,site:vodlocker.com family guy,successful,http://vodlocker.com/sfix0qestxco,1,google,vodlocker.com,"You are watching family-guy.S10E20_HD.mp4 online for free, Watch family-guy.S10E20_HD.mp4 online, Download family-guy.S10E20_HD.mp4 online.","About 4,780 results (0.24 seconds) ",50,results,http,False
vodlocker.com/lshp2pa9xtsj,Watch Family Guy S13E06 HDTV x264 KILLERS mp4 mp4 - VoDLocker,2016-10-23 04:41:50.754971,,41,localhost,site:vodlocker.com family guy,successful,http://vodlocker.com/lshp2pa9xtsj,1,google,vodlocker.com,"You are watching Family.Guy.S13E06.HDTV.x264-KILLERS.mp4.mp4 online for free, Watch Family.Guy.S13E06.HDTV.x264-KILLERS.mp4.mp4 online, ...","About 4,780 results (0.24 seconds) ",50,results,http,False
vodlocker.com/2igmx0f9pkfd,Watch Family Guy S12E08 Christmas Guy 1080p WEB DD5 264 ...,2016-10-23 04:41:50.754971,,42,localhost,site:vodlocker.com family guy,successful,http://vodlocker.com/2igmx0f9pkfd,1,google,vodlocker.com,"You are watching Family.Guy.S12E08.Christmas.Guy.1080p.WEB-DL.DD5.1.H.264-CtrlHD.mkv online for free, Watch Family.Guy.S12E08.Christmas.Guy.1080p ...","About 4,780 results (0.24 seconds) ",50,results,http,False
vodlocker.com/4bp7jjz2nwwr,Watch Family Guy S14E09 XviD AFG avi - VoDLocker,2016-10-23 04:41:50.754971,,43,localhost,site:vodlocker.com family guy,successful,http://vodlocker.com/4bp7jjz2nwwr,1,google,vodlocker.com,"You are watching Family.Guy.S14E09.XviD-AFG.avi online for free, Watch Family.Guy.S14E09.XviD-AFG.avi online, Download Family.Guy.S14E09.","About 4,780 results (0.24 seconds) ",50,results,http,False
vodlocker.com/154dkoxpzsim,Watch Family Guy S15E01 HDTV x264 SDI mp4 - VoDLocker,2016-10-23 04:41:50.754971,,44,localhost,site:vodlocker.com family guy,successful,http://vodlocker.com/154dkoxpzsim,1,google,vodlocker.com,"You are watching Family.Guy.S15E01.HDTV.x264-SDI.mp4 online for free, Watch Family.Guy.S15E01.HDTV.x264-SDI.mp4 online, Download Family.Guy.","About 4,780 results (0.24 seconds) ",50,results,http,False
vodlocker.com/y37yby1vlwpi,Watch Family Guy S07E12 PDTV XviD FQM avi - VoDLocker,2016-10-23 04:41:50.754971,,45,localhost,site:vodlocker.com family guy,successful,http://vodlocker.com/y37yby1vlwpi,1,google,vodlocker.com,"You are watching Family.Guy.S07E12.PDTV.XviD-FQM.avi online for free, Watch Family.Guy.S07E12.PDTV.XviD-FQM.avi online, Download Family.Guy.","About 4,780 results (0.24 seconds) ",50,results,http,False
vodlocker.com/wqscfr3d5pes,Watch Family Guy S12E06 Life Brian 1080p WEB DD5 264 CtrlHD mkv,2016-10-23 04:41:50.754971,,46,localhost,site:vodlocker.com family guy,successful,http://vodlocker.com/wqscfr3d5pes,1,google,vodlocker.com,"H.264-CtrlHD.mkv online for free, Watch Family.Guy.S12E06.Life.of.Brian.1080p.WEB-DL.DD5.1.H.264-CtrlHD.mkv online, Download Family.Guy.S12E06.","About 4,780 results (0.24 seconds) ",50,results,http,False
vodlocker.com/izjz3x0263jo,Watch Family Guy S04E05 480p DVDRip x264 Sticky83 mkv,2016-10-23 04:41:50.754971,,47,localhost,site:vodlocker.com family guy,successful,http://vodlocker.com/izjz3x0263jo,1,google,vodlocker.com,"DVDRip.x264-Sticky83.mkv online for free, Watch Family.Guy.S04E05.480p.DVDRip.x264-Sticky83.mkv online, Download Family.Guy.S04E05.480p.","About 4,780 results (0.24 seconds) ",50,results,http,False
vodlocker.com/2i8h2uwbvf1l,Watch Family Guy S14E07 HDTV x264 FLEET mp4 - VoDLocker,2016-10-23 04:41:50.754971,,48,localhost,site:vodlocker.com family guy,successful,http://vodlocker.com/2i8h2uwbvf1l,1,google,vodlocker.com,"You are watching Family.Guy.S14E07.HDTV.x264-FLEET.mp4 online for free, Watch Family.Guy.S14E07.HDTV.x264-FLEET.mp4 online, Download Family.Guy ...","About 4,780 results (0.24 seconds) ",50,results,http,False
vodlocker.com/ovn9cggihld7,Watch Family Guy S10 E21 Tea Peter 720p Hdtv mp4 - VoDLocker,2016-10-23 04:41:50.754971,,49,localhost,site:vodlocker.com family guy,successful,http://vodlocker.com/ovn9cggihld7,1,google,vodlocker.com,"You are watching Family Guy S10 E21- Tea Peter 720p Hdtv.mp4 online for free, Watch Family Guy S10 E21- Tea Peter 720p Hdtv.mp4 online, Download ...","About 4,780 results (0.24 seconds) ",50,results,http,False
vodlocker.com/ayt2cmk9lfk1,Watch Family Guy S11E02 HDTV x264 LOL ebk mp4 - VoDLocker,2016-10-23 04:41:50.754971,,50,localhost,site:vodlocker.com family guy,successful,http://vodlocker.com/ayt2cmk9lfk1,1,google,vodlocker.com,"You are watching Family.Guy.S11E02.HDTV.x264-LOL.ebk.mp4 online for free, Watch Family.Guy.S11E02.HDTV.x264-LOL.ebk.mp4 online, Download Family.","About 4,780 results (0.24 seconds) ",50,results,http,False
